n_estimators,max_depth,learning_rate,mean_MAPE_percent
50,5,0.1,3.340641378618129
100,5,0.1,3.532382746875707
200,5,0.1,3.553320590738006
50,3,0.1,3.8557428656200643
100,3,0.1,4.019602325870569
200,3,0.1,4.037388055034631
200,5,0.01,4.292752408959229
200,3,0.01,4.737946086131571
100,5,0.01,8.102686433461724
100,3,0.01,8.505053040724977
50,5,0.01,11.96836056746445
50,3,0.01,12.256636200773077
